Amino Acid Long,Amino Acid Short,Mass,Charge,Sigma,Lambda
ALA,A,71.08,0,5.04,0.73
ARG,R,156.2,1,6.56,0
ASN,N,114.1,0,5.68,0.432
ASP,D,115.1,-1,5.58,0.378
CYS,C,103.1,0,5.48,0.595
GLN,Q,128.1,0,6.02,0.514
GLU,E,129.1,-1,5.92,0.459
GLY,G,57.05,0,4.5,0.649
HIS,H,137.1,0.5,6.08,0.514
ILE,I,113.2,0,6.18,0.973
LEU,L,113.2,0,6.18,0.973
LYS,K,128.2,1,6.36,0.514
MET,M,131.2,0,6.18,0.838
PHE,F,147.2,0,6.36,1
PRO,P,97.12,0,5.56,1
SER,S,87.08,0,5.18,0.595
THR,T,101.1,0,5.62,0.676
TRP,W,186.2,0,6.78,0.946
TYR,Y,163.2,0,6.46,0.865
VAL,V,99.07,0,5.86,0.892
